seed,episodes,success_rate,mean_episode_length,avg_episode_reward,violations_per_100_steps,avg_time_to_failure,failure_rate,avg_collisions_per_episode,avg_oob_per_episode,avg_speed_violations_per_episode,avg_falls_per_episode,avg_total_violations_per_episode
0,200,0.0,288.25,-3.4925796806998552,0.1471583175272147,65.0,0.05,0.025,0.0,0.02,0.005,0.05
1,200,0.0,263.275,-5.779858865039423,0.5199322543426479,46.72413793103448,0.145,0.145,0.0,0.0,0.0,0.145
2,200,0.0,297.605,-3.312960155326873,0.0299504950495049,60.5,0.01,0.01,0.0,0.0,0.0,0.01
3,200,0.0,294.195,-3.4900586519017818,0.0831384727804165,67.8,0.025,0.02,0.0,0.0,0.005,0.025
4,200,0.02,147.285,-12.944031493365763,1.4526732320460332,70.87692307692308,0.65,0.6,0.0,0.035,0.015,0.65
