metric,mean,std,max_steps
violations_per_100_steps,7.043906209534017,1.0020308554994284,0.0
success_rate,0.27,0.02428991560298223,0.0
avg_time_to_failure,109.58892352866062,5.075543838242283,0.0
mean_episode_length,192.663,9.251403461097127,0.0
avg_collisions_per_episode,10.295000000000002,1.2813625560316642,0.0
avg_episode_reward,-22.86332119353785,8.502638552450374,0.0
