seed,max_steps,episodes,success_rate,mean_episode_length,avg_episode_reward,violations_per_100_steps,avg_time_to_failure,failure_rate,avg_collisions_per_episode,avg_oob_per_episode,avg_speed_violations_per_episode,avg_falls_per_episode,avg_total_violations_per_episode
0,0.0,200,0.47,205.675,43.65462183182128,38.9946769320891,71.1421052631579,0.95,17.025,15.92,6.345,48.3,87.59
1,0.0,200,0.47,184.855,43.52856978170573,51.64724258797128,27.897959183673468,0.98,11.095,28.975,13.13,73.895,127.095
2,0.0,200,0.455,200.1,42.66573141656816,35.37357921374244,61.14942528735632,0.87,16.945,6.885,2.935,66.445,93.21
3,0.0,200,0.38,226.14,34.731890871189535,26.164279004228984,70.21052631578948,0.855,13.5,7.49,4.1,40.675,65.765
4,0.0,200,0.33,240.075,28.405387796908617,58.91486467595132,42.2,0.975,14.88,28.58,10.33,107.675,161.465
