metric,mean,std,max_steps
violations_per_100_steps,42.38745194809132,1.8454792138744125,0.0
success_rate,0.29900000000000004,0.020832666655999654,0.0
avg_time_to_failure,66.90811942234146,9.079357392115696,0.0
mean_episode_length,244.498,6.5654326590103755,0.0
avg_collisions_per_episode,10.795,1.7312163354127639,0.0
avg_episode_reward,22.230754413052605,3.94977576724251,0.0
