seed,episodes,success_rate,mean_episode_length,avg_episode_reward,violations_per_100_steps,avg_time_to_failure,failure_rate,avg_collisions_per_episode,avg_oob_per_episode,avg_speed_violations_per_episode,avg_falls_per_episode,avg_total_violations_per_episode
0,200,0.005,299.885,-1690.2023703802563,27.36120938628159,68.03809523809524,0.525,72.885,0.0,0.0,9.165,82.05
1,200,0.0,300.0,-1222.784018378947,20.241666666666667,79.92,0.375,59.815,0.0,0.0,0.91,60.725
2,200,0.03,294.59,-1581.576447769832,26.10210546792644,98.54166666666669,0.6,68.34,0.0,0.2,8.49,77.03
3,200,0.015,297.815,-826.0887365099416,13.861077710271925,123.0909090909091,0.33,40.355,0.0,0.0,0.67,41.025
4,200,0.0,300.0,-78.31187139147893,1.23,102.75,0.04,3.425,0.0,0.0,0.265,3.69
