seed,max_steps,episodes,success_rate,mean_episode_length,avg_episode_reward,violations_per_100_steps,avg_time_to_failure,failure_rate,avg_collisions_per_episode,avg_oob_per_episode,avg_speed_violations_per_episode,avg_falls_per_episode,avg_total_violations_per_episode
0,0.0,200,0.24,260.035,-534.0012190155685,30.46310721257377,68.4969696969697,0.825,54.355,0.0,0.015,28.54,82.91
1,0.0,200,0.005,298.635,-69.39248652578331,3.8496296296296295,32.8125,0.08,11.19,0.0,0.0,0.005,11.195
2,0.0,200,0.0,300.0,-192.76945848274977,8.065,152.54054054054055,0.185,1.83,0.0,0.0,22.365,24.195
3,0.0,200,0.0,300.0,-3.491774543952197,0.0016666666666666,8.0,0.005,0.0,0.0,0.0,0.005,0.005
4,0.0,200,0.005,298.87,-105.86779969499446,4.895720720720721,39.11111111111112,0.045,4.33,0.0,0.0,9.67,14.0
