metric,mean,std,max_steps
violations_per_100_steps,38.76230751720323,3.5285394363967852,0.0
success_rate,0.34199999999999997,0.0331058907144937,0.0
avg_time_to_failure,67.6603564626538,7.830061291350292,0.0
mean_episode_length,231.92,7.858109187329987,0.0
avg_collisions_per_episode,11.996,1.0223570804762883,0.0
avg_episode_reward,-535.8739750200873,48.230349002280526,0.0
