{
  "iteration": 100,
  "timesteps": 26214400,
  "max_steps": 0.0,
  "iter_time_sec": 170.15712301398162,
  "eval_time_sec": 324.73986453103134,
  "elapsed_time_sec": 19870.663562678033,
  "timesteps_per_sec": 1540.5996255499686,
  "episodes": 50,
  "success_rate": 0.44,
  "mean_episode_length": 214.96,
  "avg_episode_reward": 40.480503176589266,
  "violations_per_100_steps": 26.576072843888777,
  "avg_time_to_failure": 79.38461538461539,
  "failure_rate": 0.78,
  "avg_collisions_per_episode": 11.74,
  "avg_oob_per_episode": 3.58,
  "avg_speed_violations_per_episode": 2.16,
  "avg_falls_per_episode": 52.06,
  "avg_total_violations_per_episode": 69.54,
  "best_score": 0.0
}