seed,episodes,success_rate,mean_episode_length,avg_episode_reward,violations_per_100_steps,avg_time_to_failure,failure_rate,avg_collisions_per_episode,avg_oob_per_episode,avg_speed_violations_per_episode,avg_falls_per_episode,avg_total_violations_per_episode
0,200,0.145,273.97,3.409791559465229,28.635155425372066,70.6144578313253,0.83,29.685,1.28,1.07,47.135,79.17
1,200,0.175,269.85,2.430076330313459,67.7744250621069,28.315,1.0,25.08,45.77,24.835,96.355,192.04
2,200,0.495,180.42,21.09806261319667,63.96266441360769,24.31443298969072,0.97,14.995,50.205,24.805,56.295,146.3
3,200,0.275,243.815,9.208879432473331,56.16701268140423,34.22222222222222,0.99,22.06,29.26,16.66,79.295,147.275
4,200,0.105,284.18,-2.796408862695098,75.33891679079841,31.435,1.0,21.24,71.1,27.19,99.95,219.48
