seed,max_steps,episodes,success_rate,mean_episode_length,avg_episode_reward,violations_per_100_steps,avg_time_to_failure,failure_rate,avg_collisions_per_episode,avg_oob_per_episode,avg_speed_violations_per_episode,avg_falls_per_episode,avg_total_violations_per_episode
0,0.0,200,0.015,271.66,-1.991096879253164,0.3043797774111821,90.0,0.12,0.11,0.0,0.0,0.01,0.12
1,0.0,200,0.0,28.885,-3.3169977598357945,4.228689740739764,28.885,1.0,0.165,0.0,0.84,0.01,1.015
2,0.0,200,0.045,115.425,-1.1512086379341782,1.5540857123383278,59.78378378378378,0.74,0.37,0.0,0.01,0.36,0.74
3,0.0,200,0.035,208.035,-0.8461635789647698,0.7808867303020114,101.38372093023256,0.43,0.29,0.0,0.015,0.125,0.43
4,0.0,200,0.12,64.83,7.843037319323048,2.684384054685529,56.03550295857988,0.845,0.415,0.0,0.32,0.13,0.865
