{
  "iteration": 381,
  "timesteps": 99876864,
  "max_steps": 0.0,
  "iter_time_sec": 157.82747529097833,
  "eval_time_sec": 288.6594370950479,
  "elapsed_time_sec": 71879.052248477,
  "timesteps_per_sec": 1660.952882359036,
  "episodes": 50,
  "success_rate": 0.32,
  "mean_episode_length": 253.38,
  "avg_episode_reward": 23.739009535478544,
  "violations_per_100_steps": 43.82443134070117,
  "avg_time_to_failure": 63.888888888888886,
  "failure_rate": 0.9,
  "avg_collisions_per_episode": 17.32,
  "avg_oob_per_episode": 23.8,
  "avg_speed_violations_per_episode": 11.12,
  "avg_falls_per_episode": 71.16,
  "avg_total_violations_per_episode": 123.4
}